{
  "J": [
    0.6920143135938405,
    0.3079856864061595
  ],
  "Jb": [
    1.0,
    0.0
  ],
  "Jc": [
    0.666043957711153,
    0.333956042288847
  ],
  "Jcb": [
    1.0,
    0.0
  ],
  "K": [
    0.04642496731395839,
    0.9535750326860417
  ],
  "Kb": [
    0.0,
    1.0
  ],
  "Kc": [
    0.0,
    1.0
  ],
  "Kcb": [
    0.0,
    1.0
  ],
  "Q": [
    1.0,
    0.0
  ],
  "Qb": [
    0.661037265018753,
    0.338962734981247
  ],
  "Qc": [
    1.0,
    0.0
  ],
  "Qcb": [
    0.3419582421813619,
    0.658041757818638
  ]
}