{
  "J": [
    0.6951078329054582,
    0.30489216709454187
  ],
  "Jb": [
    1.0,
    0.0
  ],
  "Jc": [
    0.6651767432991207,
    0.3348232567008793
  ],
  "Jcb": [
    1.0,
    0.0
  ],
  "K": [
    0.08926688156481928,
    0.9107331184351807
  ],
  "Kb": [
    0.0,
    1.0
  ],
  "Kc": [
    0.0,
    1.0
  ],
  "Kcb": [
    0.0,
    1.0
  ],
  "Q": [
    1.0,
    0.0
  ],
  "Qb": [
    0.6634203624963078,
    0.3365796375036923
  ],
  "Qc": [
    1.0,
    0.0
  ],
  "Qcb": [
    0.3621647072066467,
    0.6378352927933533
  ]
}